filename,time_abs(%Y-%m-%dT%H:%M:%S.%f),time_rel(sec)
xa.s12.00.mhz.1970-01-19HR00_evid00002,1970-01-19T11:37:29.419717,41810.113208
xa.s12.00.mhz.1970-01-19HR00_evid00002,1970-01-19T20:26:23.759340,73496.15094342855
xa.s12.00.mhz.1970-03-25HR00_evid00003,1970-03-25T01:22:07.232452,4888.150943
xa.s12.00.mhz.1970-03-25HR00_evid00003,1970-03-25T01:32:25.496603,5506.4150945
xa.s12.00.mhz.1970-03-25HR00_evid00003,1970-03-25T03:33:20.440000,12732.3773585
xa.s12.00.mhz.1970-03-25HR00_evid00003,1970-03-25T08:06:24.439999,29258.062893
xa.s12.00.mhz.1970-03-25HR00_evid00003,1970-03-25T09:06:27.760754,32748.6792455
xa.s12.00.mhz.1970-03-25HR00_evid00003,1970-03-25T14:03:02.175849,50543.09434
xa.s12.00.mhz.1970-03-25HR00_evid00003,1970-03-25T15:19:40.515471,55141.433962
xa.s12.00.mhz.1970-03-25HR00_evid00003,1970-03-25T18:38:21.421132,67062.339623
xa.s12.00.mhz.1970-03-26HR00_evid00004,1970-03-26T02:49:42.602735,10143.396226
xa.s12.00.mhz.1970-03-26HR00_evid00004,1970-03-26T04:25:20.866886,15881.660377
xa.s12.00.mhz.1970-03-26HR00_evid00004,1970-03-26T06:54:07.055566,24807.849057
xa.s12.00.mhz.1970-03-26HR00_evid00004,1970-03-26T16:08:37.395188,58078.188679
xa.s12.00.mhz.1970-03-26HR00_evid00004,1970-03-26T17:44:44.640472,63845.4339625
xa.s12.00.mhz.1970-03-26HR00_evid00004,1970-03-26T20:16:53.697075,72974.490566
xa.s12.00.mhz.1970-03-26HR00_evid00004,1970-03-26T21:49:18.753679,78519.54717
xa.s12.00.mhz.1970-04-25HR00_evid00006,1970-04-25T01:13:54.309207,4395.471698000001
xa.s12.00.mhz.1970-04-25HR00_evid00006,1970-04-25T02:12:01.705434,7882.867925
xa.s12.00.mhz.1970-04-25HR00_evid00006,1970-04-25T03:44:07.441283,13408.603774
xa.s12.00.mhz.1970-04-25HR00_evid00006,1970-04-25T04:40:47.894113,16809.056604
xa.s12.00.mhz.1970-04-25HR00_evid00006,1970-04-25T15:15:48.422415,54909.584906
xa.s12.00.mhz.1970-04-25HR00_evid00006,1970-04-25T18:56:23.139396,68144.301887
xa.s12.00.mhz.1970-04-25HR00_evid00006,1970-04-25T20:32:40.045056,73921.207547
xa.s12.00.mhz.1970-04-25HR00_evid00006,1970-04-25T23:43:37.252603,85378.415094
xa.s12.00.mhz.1970-04-26HR00_evid00007,1970-04-26T02:36:30.546792,9351.245283
xa.s12.00.mhz.1970-04-26HR00_evid00007,1970-04-26T06:21:35.754339,22856.45283
xa.s12.00.mhz.1970-04-26HR00_evid00007,1970-04-26T07:56:35.376981,28556.075472
xa.s12.00.mhz.1970-04-26HR00_evid00007,1970-04-26T10:44:02.169434,38602.867925
xa.s12.00.mhz.1970-04-26HR00_evid00007,1970-04-26T14:28:57.716603,52098.41509425
xa.s12.00.mhz.1970-04-26HR00_evid00007,1970-04-26T16:38:05.339245,59846.037735499995
xa.s12.00.mhz.1970-04-26HR00_evid00007,1970-04-26T17:34:16.810943,63217.509434
xa.s12.00.mhz.1970-04-26HR00_evid00007,1970-04-26T19:52:44.735471,71525.433962
xa.s12.00.mhz.1970-04-26HR00_evid00007,1970-04-26T22:54:21.641132,82422.339623
xa.s12.00.mhz.1970-06-15HR00_evid00008,1970-06-15T03:28:40.359056,12481.207547
xa.s12.00.mhz.1970-06-15HR00_evid00008,1970-06-15T09:38:39.906226,34680.754717
xa.s12.00.mhz.1970-06-15HR00_evid00008,1970-06-15T14:14:37.793018,51238.641509
xa.s12.00.mhz.1970-06-15HR00_evid00008,1970-06-15T19:00:24.962830,68385.81132083332
xa.s12.00.mhz.1970-06-26HR00_evid00009,1970-06-26T04:44:01.021660,17002.264151
xa.s12.00.mhz.1970-06-26HR00_evid00009,1970-06-26T05:35:51.663169,20112.90566
xa.s12.00.mhz.1970-06-26HR00_evid00009,1970-06-26T06:41:13.776377,24035.018868
xa.s12.00.mhz.1970-06-26HR00_evid00009,1970-06-26T07:23:44.116000,26585.358491
xa.s12.00.mhz.1970-06-26HR00_evid00009,1970-06-26T09:31:15.134867,34236.377358
xa.s12.00.mhz.1970-06-26HR00_evid00009,1970-06-26T11:51:58.304679,42679.54717
xa.s12.00.mhz.1970-06-26HR00_evid00009,1970-06-26T13:40:29.399018,49190.641509
xa.s12.00.mhz.1970-06-26HR00_evid00009,1970-06-26T20:02:43.134868,72066.41509440001
xa.s12.00.mhz.1970-07-20HR00_evid00010,1970-07-20T01:01:11.430396,3632.301887
xa.s12.00.mhz.1970-07-20HR00_evid00010,1970-07-20T05:06:04.864358,18325.735849
xa.s12.00.mhz.1970-07-20HR00_evid00010,1970-07-20T07:28:14.977566,26855.849057
xa.s12.00.mhz.1970-07-20HR00_evid00010,1970-07-20T10:03:08.260584,36149.132075
xa.s12.00.mhz.1970-07-20HR00_evid00010,1970-07-20T11:44:05.317188,42206.18867925
xa.s12.00.mhz.1970-07-20HR00_evid00010,1970-07-20T18:48:01.090773,67641.962264
xa.s12.00.mhz.1970-07-20HR00_evid00010,1970-07-20T20:50:42.298320,75003.169811
xa.s12.00.mhz.1970-07-20HR00_evid00011,1970-07-20T01:01:11.430396,3632.301887
xa.s12.00.mhz.1970-07-20HR00_evid00011,1970-07-20T05:06:04.864358,18325.735849
xa.s12.00.mhz.1970-07-20HR00_evid00011,1970-07-20T07:28:14.977566,26855.849057
xa.s12.00.mhz.1970-07-20HR00_evid00011,1970-07-20T10:03:08.260584,36149.132075
xa.s12.00.mhz.1970-07-20HR00_evid00011,1970-07-20T11:44:05.317188,42206.18867925
xa.s12.00.mhz.1970-07-20HR00_evid00011,1970-07-20T18:48:01.090773,67641.962264
xa.s12.00.mhz.1970-07-20HR00_evid00011,1970-07-20T20:50:42.298320,75003.169811
xa.s12.00.mhz.1970-09-26HR00_evid00013,1970-09-26T13:47:15.167867,49596.377358
xa.s12.00.mhz.1970-09-26HR00_evid00013,1970-09-26T15:38:49.809377,56291.018868
xa.s12.00.mhz.1970-09-26HR00_evid00013,1970-09-26T17:32:10.715037,63004.98113200001
xa.s12.00.mhz.1970-09-26HR00_evid00013,1970-09-26T20:19:56.828245,72185.09973057143
xa.s12.00.mhz.1970-09-26HR00_evid00013,1970-09-26T22:08:18.262207,79659.471698
xa.s12.00.mhz.1970-10-24HR00_evid00014,1970-10-24T02:14:17.258717,8018.113208
xa.s12.00.mhz.1970-10-24HR00_evid00014,1970-10-24T03:07:54.164377,11235.018868
xa.s12.00.mhz.1970-10-24HR00_evid00014,1970-10-24T03:34:28.126641,12828.981132
xa.s12.00.mhz.1970-10-24HR00_evid00014,1970-10-24T05:47:27.598339,20808.45283
xa.s12.00.mhz.1970-10-24HR00_evid00014,1970-10-24T08:40:03.522867,31164.377358
xa.s12.00.mhz.1970-10-24HR00_evid00014,1970-10-24T11:33:47.070037,41503.74123985715
xa.s12.00.mhz.1970-10-24HR00_evid00014,1970-10-24T14:13:59.145509,51200.0
xa.s12.00.mhz.1970-10-24HR00_evid00014,1970-10-24T15:16:56.353057,54780.77987433333
xa.s12.00.mhz.1970-10-24HR00_evid00014,1970-10-24T21:22:25.409660,76906.26415100001
xa.s12.00.mhz.1970-11-12HR00_evid00015,1970-11-12T08:30:43.416980,30604.075471666667
xa.s12.00.mhz.1970-11-12HR00_evid00015,1970-11-12T11:48:45.681132,42486.339623
xa.s12.00.mhz.1970-11-12HR00_evid00015,1970-11-12T12:49:46.964150,46147.6226415
xa.s12.00.mhz.1970-11-12HR00_evid00015,1970-11-12T16:26:29.832075,59150.490566
xa.s12.00.mhz.1970-12-11HR00_evid00017,1970-12-11T00:25:07.344867,1468.377358
xa.s12.00.mhz.1970-12-11HR00_evid00017,1970-12-11T02:51:38.288264,10259.320755
xa.s12.00.mhz.1970-12-11HR00_evid00017,1970-12-11T04:23:15.042981,15756.0754715
xa.s12.00.mhz.1970-12-11HR00_evid00017,1970-12-11T04:58:49.986377,17891.018868
xa.s12.00.mhz.1970-12-11HR00_evid00017,1970-12-11T07:25:59.571283,26720.603774
xa.s12.00.mhz.1970-12-11HR00_evid00017,1970-12-11T09:48:09.684490,35250.716981
xa.s12.00.mhz.1970-12-11HR00_evid00017,1970-12-11T10:52:04.854301,39085.886792
xa.s12.00.mhz.1970-12-11HR00_evid00017,1970-12-11T12:05:29.986376,43491.018867499995
xa.s12.00.mhz.1970-12-11HR00_evid00017,1970-12-11T16:22:27.948641,58908.981132
xa.s12.00.mhz.1970-12-27HR00_evid00019,1970-12-27T01:48:31.611339,6472.45283
xa.s12.00.mhz.1970-12-27HR00_evid00019,1970-12-27T02:40:02.932094,9563.773585
xa.s12.00.mhz.1970-12-27HR00_evid00019,1970-12-27T02:50:21.196245,10182.037736
xa.s12.00.mhz.1970-12-27HR00_evid00019,1970-12-27T03:10:19.083037,11379.924528
xa.s12.00.mhz.1970-12-27HR00_evid00019,1970-12-27T04:26:28.441528,16068.427673
xa.s12.00.mhz.1970-12-27HR00_evid00019,1970-12-27T05:34:34.781151,20035.622642
xa.s12.00.mhz.1970-12-27HR00_evid00019,1970-12-27T06:34:57.422660,23658.264151
xa.s12.00.mhz.1970-12-27HR00_evid00019,1970-12-27T10:05:52.517000,36313.3584905
xa.s12.00.mhz.1970-12-27HR00_evid00019,1970-12-27T13:35:01.347188,48504.75471675
xa.s12.00.mhz.1970-12-27HR00_evid00019,1970-12-27T16:40:59.083038,60019.9245285
xa.s12.00.mhz.1970-12-27HR00_evid00019,1970-12-27T20:13:59.762283,73196.67924516666
xa.s12.00.mhz.1970-12-27HR00_evid00019,1970-12-27T21:50:35.988698,78596.830189
xa.s12.00.mhz.1970-12-31HR00_evid00021,1970-12-31T14:30:53.320131,52214.3396225
xa.s12.00.mhz.1970-12-31HR00_evid00021,1970-12-31T15:41:05.244660,56426.264151
xa.s12.00.mhz.1970-12-31HR00_evid00021,1970-12-31T18:47:41.622018,68109.5245284
xa.s12.00.mhz.1970-12-31HR00_evid00021,1970-12-31T21:09:22.754094,76123.773585
xa.s12.00.mhz.1970-12-31HR00_evid00021,1970-12-31T23:27:02.376735,84383.396226
xa.s12.00.mhz.1971-01-15HR00_evid00022,1971-01-15T00:46:41.767434,2762.867925
xa.s12.00.mhz.1971-01-15HR00_evid00022,1971-01-15T00:59:53.918377,3555.018868
xa.s12.00.mhz.1971-01-15HR00_evid00022,1971-01-15T12:40:35.880641,45596.981132142864
xa.s12.00.mhz.1971-01-15HR00_evid00022,1971-01-15T16:33:24.786302,59173.03144666667
xa.s12.00.mhz.1971-01-15HR00_evid00022,1971-01-15T17:51:39.729698,64260.830189
xa.s12.00.mhz.1971-01-28HR00_evid00023,1971-01-28T03:50:43.554754,13859.421383333332
xa.s12.00.mhz.1971-01-28HR00_evid00023,1971-01-28T04:47:33.667962,17214.792453
xa.s12.00.mhz.1971-01-28HR00_evid00023,1971-01-28T08:06:14.573622,29135.698113
xa.s12.00.mhz.1971-01-28HR00_evid00023,1971-01-28T09:08:04.158528,32845.283019
xa.s12.00.mhz.1971-01-28HR00_evid00023,1971-01-28T14:58:44.460415,53885.5849056
xa.s12.00.mhz.1971-01-28HR00_evid00023,1971-01-28T21:08:05.366075,76556.5584904
xa.s12.00.mhz.1971-01-29HR00_evid00024,1971-01-29T02:30:03.665698,8964.830189
xa.s12.00.mhz.1971-01-29HR00_evid00024,1971-01-29T05:30:03.967584,19848.855346
xa.s12.00.mhz.1971-01-29HR00_evid00024,1971-01-29T06:26:05.778905,23126.943396
xa.s12.00.mhz.1971-01-29HR00_evid00024,1971-01-29T08:41:01.175132,31222.339623
xa.s12.00.mhz.1971-01-29HR00_evid00024,1971-01-29T13:12:28.571358,47509.735849
xa.s12.00.mhz.1971-01-29HR00_evid00024,1971-01-29T14:36:11.967585,52180.528301750004
xa.s12.00.mhz.1971-01-29HR00_evid00024,1971-01-29T16:05:04.495886,57865.660377
xa.s12.00.mhz.1971-01-29HR00_evid00024,1971-01-29T18:07:45.703433,65337.27223714285
xa.s12.00.mhz.1971-01-29HR00_evid00024,1971-01-29T20:03:41.175132,72182.339623
xa.s12.00.mhz.1971-02-09HR00_evid00026,1971-02-09T02:38:06.669566,9447.849057
xa.s12.00.mhz.1971-02-09HR00_evid00026,1971-02-09T03:42:01.839377,13283.018868
xa.s12.00.mhz.1971-02-09HR00_evid00026,1971-02-09T06:26:25.084660,23159.144654000003
xa.s12.00.mhz.1971-02-09HR00_evid00026,1971-02-09T07:02:48.329943,25329.509434
xa.s12.00.mhz.1971-02-09HR00_evid00026,1971-02-09T17:02:23.575226,61304.754717
xa.s12.00.mhz.1971-03-25HR00_evid00028,1971-03-25T06:14:30.188735,22431.396226
xa.s12.00.mhz.1971-03-25HR00_evid00028,1971-03-25T11:45:22.264208,42267.371069333334
xa.s12.00.mhz.1971-03-25HR00_evid00028,1971-03-25T12:26:44.981188,44766.188679
xa.s12.00.mhz.1971-03-25HR00_evid00028,1971-03-25T13:46:36.528358,49557.735849
xa.s12.00.mhz.1971-03-25HR00_evid00028,1971-03-25T15:18:13.283076,55054.490566124994
xa.s12.00.mhz.1971-03-25HR00_evid00028,1971-03-25T18:58:09.358547,67815.84905666667
xa.s12.00.mhz.1971-03-25HR00_evid00028,1971-03-25T23:01:26.188735,82847.396226
xa.s12.00.mhz.1971-04-13HR00_evid00029,1971-04-13T15:23:24.612703,46107.0490566
xa.s12.00.mhz.1971-04-13HR00_evid00029,1971-04-13T16:58:53.216477,51325.5849055
xa.s12.00.mhz.1971-04-13HR00_evid00029,1971-04-13T18:59:57.820250,58039.547169599995
xa.s12.00.mhz.1971-04-13HR00_evid00029,1971-04-13T21:06:01.895722,66154.264151
xa.s12.00.mhz.1971-04-17HR00_evid00030,1971-04-17T02:42:56.688886,9737.660377
xa.s12.00.mhz.1971-04-17HR00_evid00030,1971-04-17T04:05:42.122849,14703.09434
xa.s12.00.mhz.1971-04-17HR00_evid00030,1971-04-17T07:03:56.160584,25397.132075499998
xa.s12.00.mhz.1971-04-17HR00_evid00030,1971-04-17T09:14:11.405867,33212.377358
xa.s12.00.mhz.1971-04-17HR00_evid00030,1971-04-17T10:28:53.820962,37694.792453
xa.s12.00.mhz.1971-04-17HR00_evid00030,1971-04-17T17:48:36.311528,63829.333333333336
xa.s12.00.mhz.1971-04-17HR00_evid00030,1971-04-17T20:32:40.236056,73921.207547
xa.s12.00.mhz.1971-04-17HR00_evid00030,1971-04-17T22:52:35.103980,82316.0754715
xa.s12.00.mhz.1971-05-12HR00_evid00031,1971-05-12T00:25:46.372377,1507.018868
xa.s12.00.mhz.1971-05-12HR00_evid00031,1971-05-12T04:14:24.108226,15224.754717
xa.s12.00.mhz.1971-05-12HR00_evid00031,1971-05-12T07:16:20.334641,26140.981132
xa.s12.00.mhz.1971-05-12HR00_evid00031,1971-05-12T08:00:17.617660,28958.591195
xa.s12.00.mhz.1971-05-12HR00_evid00031,1971-05-12T08:59:22.976151,32323.622642
xa.s12.00.mhz.1971-05-12HR00_evid00031,1971-05-12T09:45:06.523321,35067.1698114
xa.s12.00.mhz.1971-05-12HR00_evid00031,1971-05-12T12:55:54.070490,46514.716981
xa.s12.00.mhz.1971-05-12HR00_evid00031,1971-05-12T15:32:14.296906,55894.943396500006
xa.s12.00.mhz.1971-05-12HR00_evid00032,1971-05-12T00:25:46.372377,1507.018868
xa.s12.00.mhz.1971-05-12HR00_evid00032,1971-05-12T04:14:24.108226,15224.754717
xa.s12.00.mhz.1971-05-12HR00_evid00032,1971-05-12T07:16:20.334641,26140.981132
xa.s12.00.mhz.1971-05-12HR00_evid00032,1971-05-12T08:00:17.617660,28958.591195
xa.s12.00.mhz.1971-05-12HR00_evid00032,1971-05-12T08:59:22.976151,32323.622642
xa.s12.00.mhz.1971-05-12HR00_evid00032,1971-05-12T09:45:06.523321,35067.1698114
xa.s12.00.mhz.1971-05-12HR00_evid00032,1971-05-12T12:55:54.070490,46514.716981
xa.s12.00.mhz.1971-05-12HR00_evid00032,1971-05-12T15:32:14.296906,55894.943396500006
xa.s12.00.mhz.1971-05-13HR00_evid00033,1971-05-13T02:59:41.164132,10742.3396226
xa.s12.00.mhz.1971-05-13HR00_evid00033,1971-05-13T03:19:39.050924,11940.226415
xa.s12.00.mhz.1971-05-13HR00_evid00033,1971-05-13T05:00:26.447150,17987.622641666665
xa.s12.00.mhz.1971-05-13HR00_evid00033,1971-05-13T05:44:33.390547,20634.566038
xa.s12.00.mhz.1971-05-13HR00_evid00033,1971-05-13T06:43:19.428283,24160.6037735
xa.s12.00.mhz.1971-05-13HR00_evid00033,1971-05-13T09:54:55.277340,35656.4528305
xa.s12.00.mhz.1971-05-13HR00_evid00033,1971-05-13T13:01:50.975452,46872.150943
xa.s12.00.mhz.1971-05-13HR00_evid00033,1971-05-13T15:02:36.258471,54117.433962
xa.s12.00.mhz.1971-05-13HR00_evid00033,1971-05-13T22:09:54.899981,79756.075472
xa.s12.00.mhz.1971-05-23HR00_evid00034,1971-05-23T01:14:23.596339,4424.45283
xa.s12.00.mhz.1971-05-23HR00_evid00034,1971-05-23T02:56:47.596339,10568.45283
xa.s12.00.mhz.1971-05-23HR00_evid00034,1971-05-23T03:27:42.388792,12423.245283
xa.s12.00.mhz.1971-05-23HR00_evid00034,1971-05-23T07:40:58.162377,27619.018868
xa.s12.00.mhz.1971-05-23HR00_evid00034,1971-05-23T08:14:17.860490,29618.716981
xa.s12.00.mhz.1971-05-23HR00_evid00034,1971-05-23T22:19:54.162377,80355.01886785716
xa.s12.00.mhz.1971-06-12HR00_evid00035,1971-06-12T02:29:54.340321,8955.1698115
xa.s12.00.mhz.1971-06-12HR00_evid00035,1971-06-12T10:51:07.095038,39027.9245284
xa.s12.00.mhz.1971-06-12HR00_evid00035,1971-06-12T13:20:51.245981,48012.075472
xa.s12.00.mhz.1971-06-12HR00_evid00035,1971-06-12T16:11:31.245981,58252.075472
xa.s12.00.mhz.1971-06-12HR00_evid00035,1971-06-12T21:01:00.604471,75621.433962
xa.s12.00.mhz.1971-06-12HR00_evid00035,1971-06-12T22:29:33.812018,80934.641509
xa.s12.00.mhz.1971-06-12HR00_evid00035,1971-06-12T23:39:26.415792,85127.245283
xa.s12.00.mhz.1971-09-25HR00_evid00042,1971-09-25T02:26:12.198641,8732.981132
xa.s12.00.mhz.1971-09-25HR00_evid00042,1971-09-25T03:16:45.557132,11766.339623
xa.s12.00.mhz.1971-09-25HR00_evid00042,1971-09-25T04:30:39.670339,16100.628930666668
xa.s12.00.mhz.1971-09-25HR00_evid00042,1971-09-25T07:36:56.726943,27377.509434
xa.s12.00.mhz.1971-09-25HR00_evid00042,1971-09-25T09:05:49.255245,32337.42318057143
xa.s12.00.mhz.1971-09-25HR00_evid00042,1971-09-25T11:44:15.066566,42215.849057
xa.s12.00.mhz.1971-09-25HR00_evid00042,1971-09-25T14:22:40.877886,51721.660377
xa.s12.00.mhz.1971-09-25HR00_evid00042,1971-09-25T17:51:20.726943,64376.754717
xa.s12.00.mhz.1971-09-25HR00_evid00042,1971-09-25T21:36:45.255245,77766.037736
xa.s12.00.mhz.1971-09-25HR00_evid00042,1971-09-25T23:29:08.198641,84508.981132
xa.s12.00.mhz.1971-10-18HR00_evid00043,1971-10-18T03:18:31.662282,11872.603773666668
xa.s12.00.mhz.1971-10-18HR00_evid00043,1971-10-18T05:55:40.190584,21378.4150945
xa.s12.00.mhz.1971-10-18HR00_evid00043,1971-10-18T07:24:13.398132,26614.3396225
xa.s12.00.mhz.1971-10-18HR00_evid00043,1971-10-18T07:47:24.492472,28005.4339625
xa.s12.00.mhz.1971-10-18HR00_evid00043,1971-10-18T09:43:00.643415,35015.647799
xa.s12.00.mhz.1971-10-18HR00_evid00043,1971-10-18T10:50:09.020773,38969.962264
xa.s12.00.mhz.1971-10-18HR00_evid00043,1971-10-18T12:01:38.228320,43259.169811
xa.s12.00.mhz.1971-10-18HR00_evid00043,1971-10-18T13:14:53.700019,47654.6415095
xa.s12.00.mhz.1971-10-18HR00_evid00043,1971-10-18T15:20:19.133981,55798.339622750005
xa.s12.00.mhz.1971-10-18HR00_evid00043,1971-10-18T17:17:31.888698,62212.830189
xa.s12.00.mhz.1971-10-18HR00_evid00043,1971-10-18T20:26:04.190585,73525.1320755
xa.s12.00.mhz.1971-10-20HR00_evid00044,1971-10-20T00:36:42.991037,2163.924528
xa.s12.00.mhz.1971-10-20HR00_evid00044,1971-10-20T09:45:44.877830,35105.811321
xa.s12.00.mhz.1971-10-20HR00_evid00044,1971-10-20T18:08:34.236321,65268.269541857146
xa.s12.00.mhz.1971-10-31HR00_evid00045,1971-10-31T01:38:51.891698,5892.830189
xa.s12.00.mhz.1971-10-31HR00_evid00045,1971-10-31T02:27:29.325660,8810.264151
xa.s12.00.mhz.1971-10-31HR00_evid00045,1971-10-31T03:29:18.910566,12519.849057
xa.s12.00.mhz.1971-10-31HR00_evid00045,1971-10-31T05:29:54.533207,19755.471698
xa.s12.00.mhz.1971-10-31HR00_evid00045,1971-10-31T15:48:39.363396,56880.301887
xa.s12.00.mhz.1971-11-14HR00_evid00046,1971-11-14T00:19:58.488792,1159.245283
xa.s12.00.mhz.1971-11-14HR00_evid00046,1971-11-14T02:35:51.847283,9312.603774
xa.s12.00.mhz.1971-11-14HR00_evid00046,1971-11-14T04:16:58.564264,15379.320754714285
xa.s12.00.mhz.1971-11-14HR00_evid00046,1971-11-14T06:42:12.224641,24092.981132
xa.s12.00.mhz.1971-11-14HR00_evid00046,1971-11-14T15:09:41.734075,54542.490566
xa.s12.00.mhz.1971-11-14HR00_evid00046,1971-11-14T19:15:42.790679,69303.54717
xa.s12.00.mhz.1972-01-04HR00_evid00049,1972-01-04T00:30:54.909452,1816.1509433333333
xa.s12.00.mhz.1972-01-04HR00_evid00049,1972-01-04T00:34:46.758509,2048.0
xa.s12.00.mhz.1972-01-04HR00_evid00049,1972-01-04T00:42:49.777377,2531.018868
xa.s12.00.mhz.1972-01-04HR00_evid00049,1972-01-04T02:35:12.720773,9273.962264
xa.s12.00.mhz.1972-01-04HR00_evid00049,1972-01-04T06:35:06.683038,23667.9245284
xa.s12.00.mhz.1972-01-04HR00_evid00049,1972-01-04T11:15:44.720774,40505.962264500005
xa.s12.00.mhz.1972-01-04HR00_evid00049,1972-01-04T13:51:26.305679,49847.54717
xa.s12.00.mhz.1972-01-04HR00_evid00049,1972-01-04T15:23:41.701906,55585.811321
xa.s12.00.mhz.1972-01-04HR00_evid00049,1972-01-04T20:04:58.381151,72259.622642
xa.s12.00.mhz.1972-01-04HR00_evid00049,1972-01-04T23:08:02.230207,83243.47169800001
xa.s12.00.mhz.1972-03-12HR00_evid00052,1972-03-12T10:17:56.945301,37037.886792
xa.s12.00.mhz.1972-03-12HR00_evid00052,1972-03-12T10:50:09.020773,38969.962264
xa.s12.00.mhz.1972-03-12HR00_evid00052,1972-03-12T13:01:12.567943,46833.509434
xa.s12.00.mhz.1972-03-12HR00_evid00052,1972-03-12T15:48:00.718886,56841.660377
xa.s12.00.mhz.1972-03-12HR00_evid00052,1972-03-12T17:59:52.567943,64753.509434
xa.s12.00.mhz.1972-03-12HR00_evid00052,1972-03-12T19:02:40.115113,68521.05660350001
xa.s12.00.mhz.1972-03-12HR00_evid00052,1972-03-12T21:08:24.869830,76065.811321
xa.s12.00.mhz.1972-03-12HR00_evid00052,1972-03-12T22:41:28.567943,81649.509434
xa.s12.00.mhz.1972-05-11HR00_evid00055,1972-05-11T13:34:51.745811,48852.528302000006
xa.s12.00.mhz.1972-06-16HR00_evid00060,1972-06-16T02:27:29.021660,8810.264151
xa.s12.00.mhz.1972-06-16HR00_evid00060,1972-06-16T03:30:35.889584,12597.132075
xa.s12.00.mhz.1972-06-16HR00_evid00060,1972-06-16T06:12:34.229207,22315.471698
xa.s12.00.mhz.1972-06-16HR00_evid00060,1972-06-16T10:58:02.078264,39443.320754500004
xa.s12.00.mhz.1972-06-16HR00_evid00060,1972-06-16T12:13:32.795245,43974.037736
xa.s12.00.mhz.1972-06-16HR00_evid00060,1972-06-16T13:14:34.078264,47635.320755
xa.s12.00.mhz.1972-06-16HR00_evid00060,1972-06-16T16:10:52.191472,58213.4339624
xa.s12.00.mhz.1972-06-16HR00_evid00060,1972-06-16T17:10:26.531094,61787.773585
xa.s12.00.mhz.1972-06-16HR00_evid00060,1972-06-16T18:53:19.512226,67960.754717
xa.s12.00.mhz.1972-06-16HR00_evid00060,1972-06-16T20:45:52.116000,74713.358491
xa.s12.00.mhz.1972-06-16HR00_evid00060,1972-06-16T23:00:08.870717,82770.113208
xa.s12.00.mhz.1972-07-17HR00_evid00067,1972-07-17T08:00:46.070792,28375.74842766667
xa.s12.00.mhz.1972-07-17HR00_evid00067,1972-07-17T08:44:14.372679,31415.54717
xa.s12.00.mhz.1972-07-17HR00_evid00067,1972-07-17T13:01:50.976452,46872.150943
xa.s12.00.mhz.1972-07-17HR00_evid00067,1972-07-17T15:22:14.825509,55296.0
xa.s12.00.mhz.1972-07-17HR00_evid00067,1972-07-17T19:05:04.787773,68665.962264
xa.s12.00.mhz.1972-07-17HR00_evid00067,1972-07-17T20:14:18.750037,72819.924528
xa.s12.00.mhz.1972-07-17HR00_evid00067,1972-07-17T21:55:44.787773,78905.96226414284
xa.s12.00.mhz.1972-07-17HR00_evid00067,1972-07-17T23:54:43.806641,86044.98113199999
xa.s12.00.mhz.1972-07-17HR00_evid00068,1972-07-17T08:00:46.070792,28375.74842766667
xa.s12.00.mhz.1972-07-17HR00_evid00068,1972-07-17T08:44:14.372679,31415.54717
xa.s12.00.mhz.1972-07-17HR00_evid00068,1972-07-17T13:01:50.976452,46872.150943
xa.s12.00.mhz.1972-07-17HR00_evid00068,1972-07-17T15:22:14.825509,55296.0
xa.s12.00.mhz.1972-07-17HR00_evid00068,1972-07-17T19:05:04.787773,68665.962264
xa.s12.00.mhz.1972-07-17HR00_evid00068,1972-07-17T20:14:18.750037,72819.924528
xa.s12.00.mhz.1972-07-17HR00_evid00068,1972-07-17T21:55:44.787773,78905.96226414284
xa.s12.00.mhz.1972-07-17HR00_evid00068,1972-07-17T23:54:43.806641,86044.98113199999
xa.s12.00.mhz.1972-07-28HR00_evid00070,1972-07-28T02:00:26.098264,7187.320755
xa.s12.00.mhz.1972-07-28HR00_evid00070,1972-07-28T02:23:08.211471,8549.433962166666
xa.s12.00.mhz.1972-07-28HR00_evid00070,1972-07-28T02:51:38.098264,10259.320755
xa.s12.00.mhz.1972-07-28HR00_evid00070,1972-07-28T04:58:11.154867,17852.377358
xa.s12.00.mhz.1972-07-28HR00_evid00070,1972-07-28T11:12:21.871849,40051.92452833333
xa.s12.00.mhz.1972-07-28HR00_evid00070,1972-07-28T12:12:25.192604,43906.4150945
xa.s12.00.mhz.1972-07-28HR00_evid00070,1972-07-28T13:44:59.909584,49461.132075
xa.s12.00.mhz.1972-07-31HR00_evid00071,1972-07-31T08:17:02.206906,29782.9433965
xa.s12.00.mhz.1972-07-31HR00_evid00071,1972-07-31T14:40:42.886151,52803.622642
xa.s12.00.mhz.1972-07-31HR00_evid00071,1972-07-31T18:08:05.452188,65246.18867928571
xa.s12.00.mhz.1972-07-31HR00_evid00071,1972-07-31T20:20:06.961622,73167.698113
xa.s12.00.mhz.1972-07-31HR00_evid00071,1972-07-31T22:09:45.678604,79843.018868
xa.s12.00.mhz.1972-07-31HR00_evid00071,1972-07-31T23:26:14.357849,84335.09434
xa.s12.00.mhz.1972-12-02HR00_evid00083,1972-12-02T00:09:40.061641,540.981132
xa.s12.00.mhz.1972-12-02HR00_evid00083,1972-12-02T01:27:55.005037,5235.924528
xa.s12.00.mhz.1972-12-02HR00_evid00083,1972-12-02T05:18:47.986169,19088.90566
xa.s12.00.mhz.1972-12-02HR00_evid00083,1972-12-02T06:57:39.457867,25020.377358
xa.s12.00.mhz.1972-12-02HR00_evid00083,1972-12-02T07:57:52.439000,28633.3584906
xa.s12.00.mhz.1972-12-02HR00_evid00083,1972-12-02T10:34:03.005037,38003.924528
xa.s12.00.mhz.1972-12-02HR00_evid00083,1972-12-02T11:39:05.797490,41906.716981
xa.s12.00.mhz.1972-12-02HR00_evid00083,1972-12-02T13:01:22.250320,46321.509434249994
xa.s12.00.mhz.1972-12-02HR00_evid00083,1972-12-02T15:50:06.325792,57273.15723266666
xa.s12.00.mhz.1972-12-02HR00_evid00083,1972-12-02T17:46:11.457867,63932.3773585
xa.s12.00.mhz.1972-12-02HR00_evid00083,1972-12-02T21:06:28.967302,75693.8867925
xa.s12.00.mhz.1972-12-03HR00_evid00084,1972-12-03T02:38:07.042565,9447.84905657143
xa.s12.00.mhz.1972-12-03HR00_evid00084,1972-12-03T04:07:57.533132,14838.339623
xa.s12.00.mhz.1972-12-03HR00_evid00084,1972-12-03T04:39:01.985962,16702.792452499998
xa.s12.00.mhz.1972-12-03HR00_evid00084,1972-12-03T08:01:25.080301,28845.886792
xa.s12.00.mhz.1972-12-03HR00_evid00084,1972-12-03T22:28:45.533132,80886.3396225
xa.s12.00.mhz.1973-01-18HR00_evid00088,1973-01-18T01:50:27.680867,6588.377358
xa.s12.00.mhz.1973-01-18HR00_evid00088,1973-01-18T02:24:16.360113,8617.056604
xa.s12.00.mhz.1973-01-18HR00_evid00088,1973-01-18T04:16:39.303509,15360.0
xa.s12.00.mhz.1973-01-18HR00_evid00088,1973-01-18T06:43:10.246905,24150.943396
xa.s12.00.mhz.1973-01-18HR00_evid00088,1973-01-18T07:23:44.662000,26585.358491
xa.s12.00.mhz.1973-01-18HR00_evid00088,1973-01-18T22:30:51.228037,81149.1018867
xa.s12.00.mhz.1973-01-31HR00_evid00091,1973-01-31T00:44:07.538396,2608.3018868000004
xa.s12.00.mhz.1973-01-31HR00_evid00091,1973-01-31T01:49:10.330849,6511.09434
xa.s12.00.mhz.1973-01-31HR00_evid00091,1973-01-31T02:53:53.802547,10394.566038
xa.s12.00.mhz.1973-01-31HR00_evid00091,1973-01-31T05:13:19.689339,18760.45283
xa.s12.00.mhz.1973-01-31HR00_evid00091,1973-01-31T05:49:23.613867,20924.377358
xa.s12.00.mhz.1973-01-31HR00_evid00091,1973-01-31T06:56:03.010094,24923.773585
xa.s12.00.mhz.1973-01-31HR00_evid00091,1973-01-31T11:40:42.557263,42003.320754500004
xa.s12.00.mhz.1973-01-31HR00_evid00091,1973-01-31T13:02:30.028962,46910.792453
xa.s12.00.mhz.1973-01-31HR00_evid00091,1973-01-31T17:33:57.425188,63198.188679
xa.s12.00.mhz.1973-01-31HR00_evid00091,1973-01-31T21:52:51.311981,78732.075472
xa.s12.00.mhz.1973-03-01HR00_evid00093,1973-03-01T00:39:36.797830,2337.811321
xa.s12.00.mhz.1973-03-01HR00_evid00093,1973-03-01T01:57:32.420471,7013.433962
xa.s12.00.mhz.1973-03-01HR00_evid00093,1973-03-01T02:03:58.835566,7399.849057
xa.s12.00.mhz.1973-03-01HR00_evid00093,1973-03-01T05:56:28.420471,21349.433962000003
xa.s12.00.mhz.1973-03-01HR00_evid00093,1973-03-01T07:14:14.382735,26025.056603750003
xa.s12.00.mhz.1973-03-01HR00_evid00093,1973-03-01T08:13:48.722358,29589.735849
xa.s12.00.mhz.1973-03-01HR00_evid00093,1973-03-01T09:18:41.854434,33482.867925
xa.s12.00.mhz.1973-03-01HR00_evid00093,1973-03-01T10:06:59.967641,36380.981132
xa.s12.00.mhz.1973-03-01HR00_evid00093,1973-03-01T13:29:13.401603,48514.415094
xa.s12.00.mhz.1973-03-01HR00_evid00093,1973-03-01T15:58:38.231792,57479.245283
xa.s12.00.mhz.1973-03-13HR00_evid00094,1973-03-13T08:00:46.358792,28807.245283000004
xa.s12.00.mhz.1973-03-24HR00_evid00097,1973-03-24T00:32:32.002226,1912.754717
xa.s12.00.mhz.1973-03-24HR00_evid00097,1973-03-24T04:50:08.606000,17369.358491
xa.s12.00.mhz.1973-03-24HR00_evid00097,1973-03-24T05:06:33.964490,18354.716981
xa.s12.00.mhz.1973-03-24HR00_evid00097,1973-03-24T07:00:52.832415,25213.584906
xa.s12.00.mhz.1973-03-24HR00_evid00097,1973-03-24T09:40:26.266377,34787.018867499995
xa.s12.00.mhz.1973-03-24HR00_evid00097,1973-03-24T14:18:10.417320,51451.16981133333
xa.s12.00.mhz.1973-03-24HR00_evid00097,1973-03-24T17:04:19.926754,61420.679245
xa.s12.00.mhz.1973-03-24HR00_evid00097,1973-03-24T17:57:08.530528,64589.283019
xa.s12.00.mhz.1973-03-24HR00_evid00097,1973-03-24T19:22:57.511660,69738.264151
xa.s12.00.mhz.1973-03-24HR00_evid00097,1973-03-24T20:25:16.077698,73476.830189
xa.s12.00.mhz.1973-03-24HR00_evid00097,1973-03-24T22:31:49.134301,81069.886792
xa.s12.00.mhz.1973-05-14HR00_evid00104,1973-05-14T00:44:07.340396,2608.3018868000004
xa.s12.00.mhz.1973-05-14HR00_evid00104,1973-05-14T03:27:03.642283,12384.603774
xa.s12.00.mhz.1973-05-14HR00_evid00104,1973-05-14T04:37:15.566811,16596.528302
xa.s12.00.mhz.1973-05-14HR00_evid00104,1973-05-14T04:56:54.132849,17775.09434
xa.s12.00.mhz.1973-05-14HR00_evid00104,1973-05-14T05:43:16.321528,20557.283019
xa.s12.00.mhz.1973-05-14HR00_evid00104,1973-05-14T13:42:15.944169,49635.018868
xa.s12.00.mhz.1973-05-14HR00_evid00104,1973-05-14T18:42:51.868698,67332.830189
xa.s12.00.mhz.1973-05-14HR00_evid00104,1973-05-14T21:39:38.963037,77939.924528
xa.s12.00.mhz.1973-06-05HR00_evid00107,1973-06-05T01:33:42.639622,5583.698113
xa.s12.00.mhz.1973-06-05HR00_evid00107,1973-06-05T02:37:57.130188,9438.18867925
xa.s12.00.mhz.1973-06-05HR00_evid00107,1973-06-05T04:37:54.111320,16635.169811
xa.s12.00.mhz.1973-06-05HR00_evid00107,1973-06-05T11:03:21.054717,39993.962264199996
xa.s12.00.mhz.1973-06-05HR00_evid00107,1973-06-05T12:21:16.677358,44437.735849
xa.s12.00.mhz.1973-06-05HR00_evid00108,1973-06-05T01:33:42.639622,5583.698113
xa.s12.00.mhz.1973-06-05HR00_evid00108,1973-06-05T02:37:57.130188,9438.18867925
xa.s12.00.mhz.1973-06-05HR00_evid00108,1973-06-05T04:37:54.111320,16635.169811
xa.s12.00.mhz.1973-06-05HR00_evid00108,1973-06-05T11:03:21.054717,39993.962264199996
xa.s12.00.mhz.1973-06-05HR00_evid00108,1973-06-05T12:21:16.677358,44437.735849
xa.s12.00.mhz.1973-06-18HR00_evid00109,1973-06-18T01:43:51.075395,6127.8993709999995
xa.s12.00.mhz.1973-06-18HR00_evid00109,1973-06-18T02:23:46.848981,8588.0754715
xa.s12.00.mhz.1973-06-18HR00_evid00109,1973-06-18T03:23:30.848981,12172.075472
xa.s12.00.mhz.1973-06-18HR00_evid00109,1973-06-18T04:02:28.660301,14509.886792
xa.s12.00.mhz.1973-06-18HR00_evid00109,1973-06-18T05:37:08.962188,20190.188679
xa.s12.00.mhz.1973-06-18HR00_evid00109,1973-06-18T08:11:42.924452,29464.150943
xa.s12.00.mhz.1973-06-18HR00_evid00109,1973-06-18T09:16:45.716905,33366.943396
xa.s12.00.mhz.1973-06-18HR00_evid00109,1973-06-18T09:59:16.056528,35917.283019
xa.s12.00.mhz.1973-06-18HR00_evid00109,1973-06-18T10:54:39.226339,39240.45283
xa.s12.00.mhz.1973-06-18HR00_evid00109,1973-06-18T12:55:24.509358,46664.45283025
xa.s12.00.mhz.1973-06-27HR00_evid00112,1973-06-27T01:16:19.248867,4540.377358
xa.s12.00.mhz.1973-06-27HR00_evid00112,1973-06-27T05:26:50.796037,19571.924528
xa.s12.00.mhz.1973-06-27HR00_evid00112,1973-06-27T06:39:27.626226,23928.754717
xa.s12.00.mhz.1973-06-27HR00_evid00112,1973-06-27T08:56:09.286603,32130.415094
xa.s12.00.mhz.1973-06-27HR00_evid00112,1973-06-27T12:08:14.116792,43693.8867925
xa.s12.00.mhz.1973-06-27HR00_evid00112,1973-06-27T14:19:27.324339,51528.45283
xa.s12.00.mhz.1973-06-27HR00_evid00112,1973-06-27T18:57:50.116792,67299.70889485715
xa.s12.00.mhz.1973-06-27HR00_evid00112,1973-06-27T20:20:06.569622,73167.698113
xa.s12.00.mhz.1973-07-03HR00_evid00113,1973-07-03T00:15:47.248980,908.0754716666667
xa.s12.00.mhz.1973-07-03HR00_evid00113,1973-07-03T01:54:00.079169,6800.90566
xa.s12.00.mhz.1973-07-03HR00_evid00113,1973-07-03T08:00:27.098037,28787.924528
xa.s12.00.mhz.1973-07-03HR00_evid00113,1973-07-03T08:54:32.984830,32033.811321
xa.s12.00.mhz.1973-07-03HR00_evid00113,1973-07-03T09:22:53.211245,33734.037736
xa.s12.00.mhz.1973-07-03HR00_evid00113,1973-07-03T16:42:16.381057,60097.2075475
xa.s12.00.mhz.1973-07-03HR00_evid00113,1973-07-03T18:10:20.607472,65664.000000125
xa.s12.00.mhz.1973-07-03HR00_evid00113,1973-07-03T23:22:41.739547,84122.566038
xa.s12.00.mhz.1973-07-04HR00_evid00114,1973-07-04T02:46:10.053434,9930.8679246
xa.s12.00.mhz.1973-07-04HR00_evid00114,1973-07-04T04:22:26.959094,15707.773585
xa.s12.00.mhz.1973-07-04HR00_evid00114,1973-07-04T05:19:07.411924,19108.226415
xa.s12.00.mhz.1973-07-04HR00_evid00114,1973-07-04T13:55:57.223245,50118.037736
xa.s12.00.mhz.1973-07-04HR00_evid00114,1973-07-04T18:24:59.713811,66260.52830199999
xa.s12.00.mhz.1973-07-04HR00_evid00114,1973-07-04T20:52:38.279849,75119.09434
xa.s12.00.mhz.1973-07-20HR00_evid00117,1973-07-20T01:38:13.138188,5854.188679
xa.s12.00.mhz.1973-07-20HR00_evid00117,1973-07-20T07:04:25.062717,25426.113208
xa.s12.00.mhz.1973-07-20HR00_evid00117,1973-07-20T08:43:55.175924,31396.226415
xa.s12.00.mhz.1973-07-20HR00_evid00117,1973-07-20T09:12:15.402339,33096.45283
xa.s12.00.mhz.1973-07-20HR00_evid00117,1973-07-20T11:14:17.968377,40419.018868
xa.s12.00.mhz.1973-07-20HR00_evid00117,1973-07-20T12:35:26.798566,45287.849057
xa.s12.00.mhz.1973-07-20HR00_evid00117,1973-07-20T19:00:53.741962,68449.5698112
xa.s12.00.mhz.1973-07-20HR00_evid00117,1973-07-20T21:39:58.194792,77959.245283
xa.s12.00.mhz.1973-07-28HR00_evid00120,1973-07-28T00:51:50.916509,3072.0
xa.s12.00.mhz.1973-07-28HR00_evid00120,1973-07-28T01:10:31.520283,4192.603774
xa.s12.00.mhz.1973-07-28HR00_evid00120,1973-07-28T01:23:43.671226,4984.754717
xa.s12.00.mhz.1973-07-29HR00_evid00121,1973-07-29T10:31:47.582754,37868.679245
xa.s12.00.mhz.1973-07-29HR00_evid00121,1973-07-29T11:27:49.394075,41230.490566
xa.s12.00.mhz.1973-07-29HR00_evid00121,1973-07-29T12:48:38.903509,46080.0
xa.s12.00.mhz.1973-07-29HR00_evid00121,1973-07-29T13:44:40.714830,49441.811321
xa.s12.00.mhz.1973-07-29HR00_evid00121,1973-07-29T23:30:54.148792,84615.245283
xa.s12.00.mhz.1973-08-21HR00_evid00127,1973-08-21T00:47:30.463321,2811.1698115
xa.s12.00.mhz.1973-08-21HR00_evid00127,1973-08-21T07:21:19.746340,26440.4528305
xa.s12.00.mhz.1973-08-21HR00_evid00127,1973-08-21T08:09:47.519924,29348.226415
xa.s12.00.mhz.1973-08-21HR00_evid00127,1973-08-21T09:00:20.878415,32381.584906
xa.s12.00.mhz.1973-08-21HR00_evid00127,1973-08-21T12:15:29.255773,44123.083557857135
xa.s12.00.mhz.1973-08-21HR00_evid00127,1973-08-21T15:50:25.859547,56986.566038000004
xa.s12.00.mhz.1973-08-21HR00_evid00127,1973-08-21T23:50:23.444452,85784.150943
xa.s12.00.mhz.1974-01-10HR00_evid00136,1974-01-10T00:23:11.323339,1352.45283
xa.s12.00.mhz.1974-01-10HR00_evid00136,1974-01-10T02:45:50.417679,9911.54717
xa.s12.00.mhz.1974-01-10HR00_evid00136,1974-01-10T07:11:30.040320,25851.169811333337
xa.s12.00.mhz.1974-01-10HR00_evid00136,1974-01-10T07:37:35.021452,27416.150943
xa.s12.00.mhz.1974-01-10HR00_evid00136,1974-01-10T09:50:44.153528,35405.283019
xa.s12.00.mhz.1974-01-10HR00_evid00136,1974-01-10T11:50:12.153528,42573.283019
xa.s12.00.mhz.1974-01-10HR00_evid00136,1974-01-10T14:45:32.304471,53093.433962
xa.s12.00.mhz.1974-01-10HR00_evid00136,1974-01-10T17:39:54.493151,64191.275471600005
xa.s12.00.mhz.1974-01-10HR00_evid00136,1974-01-10T21:13:53.134660,76394.264151
xa.s12.00.mhz.1974-01-10HR00_evid00136,1974-01-10T23:19:57.210132,84199.84905655555
xa.s12.00.mhz.1974-02-07HR00_evid00137,1974-02-07T01:54:38.542679,6839.54717
xa.s12.00.mhz.1974-02-07HR00_evid00137,1974-02-07T06:20:56.806830,22817.8113206
xa.s12.00.mhz.1974-02-07HR00_evid00137,1974-02-07T15:17:54.165321,55035.1698115
xa.s12.00.mhz.1974-02-07HR00_evid00137,1974-02-07T16:43:52.806830,60193.811321
xa.s12.00.mhz.1974-02-07HR00_evid00137,1974-02-07T19:09:54.769094,68955.773585
xa.s12.00.mhz.1974-02-07HR00_evid00137,1974-02-07T20:44:54.391735,74655.396226
xa.s12.00.mhz.1974-02-07HR00_evid00137,1974-02-07T23:38:08.957773,85049.962264
xa.s12.00.mhz.1974-02-12HR00_evid00138,1974-02-12T05:19:07.267924,19108.226415
xa.s12.00.mhz.1974-02-12HR00_evid00138,1974-02-12T08:23:18.739622,30159.698113500002
xa.s12.00.mhz.1974-02-12HR00_evid00138,1974-02-12T12:58:37.984905,46678.943396
xa.s12.00.mhz.1974-02-12HR00_evid00138,1974-02-12T16:10:23.494340,58184.4528305
xa.s12.00.mhz.1974-02-12HR00_evid00138,1974-02-12T22:29:53.003774,80953.9622642
xa.s12.00.mhz.1974-03-25HR00_evid00140,1974-03-25T00:27:03.541396,1584.301887
xa.s12.00.mhz.1974-03-25HR00_evid00140,1974-03-25T01:50:46.937622,6607.698113
xa.s12.00.mhz.1974-03-25HR00_evid00140,1974-03-25T08:32:39.239509,30720.0
xa.s12.00.mhz.1974-03-25HR00_evid00140,1974-03-25T15:24:49.805547,55450.566038
xa.s12.00.mhz.1974-03-25HR00_evid00140,1974-03-25T16:58:12.824415,61053.5849056
xa.s12.00.mhz.1974-03-25HR00_evid00140,1974-03-25T22:42:55.692340,81736.4528305
xa.s12.00.mhz.1974-04-08HR00_evid00141,1974-04-08T00:47:20.684943,2801.509434
xa.s12.00.mhz.1974-04-08HR00_evid00141,1974-04-08T01:48:12.307584,6453.132075
xa.s12.00.mhz.1974-04-08HR00_evid00141,1974-04-08T08:40:51.854754,31191.978436571426
xa.s12.00.mhz.1974-04-08HR00_evid00141,1974-04-08T17:07:13.741546,61594.566037666664
xa.s12.00.mhz.1974-04-08HR00_evid00141,1974-04-08T18:46:53.515131,67574.3396225
xa.s12.00.mhz.1974-04-08HR00_evid00141,1974-04-08T21:30:18.798151,77379.6226415
xa.s12.00.mhz.1974-04-08HR00_evid00141,1974-04-08T22:59:30.647207,82731.471698
xa.s12.00.mhz.1974-04-19HR00_evid00142,1974-04-19T01:15:40.945358,4501.735849
xa.s12.00.mhz.1974-04-19HR00_evid00142,1974-04-19T01:35:58.152905,5718.943396333333
xa.s12.00.mhz.1974-04-19HR00_evid00142,1974-04-19T02:38:55.360453,9496.1509435
xa.s12.00.mhz.1974-04-19HR00_evid00142,1974-04-19T18:41:34.756679,66892.3169811
xa.s12.00.mhz.1974-04-19HR00_evid00142,1974-04-19T20:14:48.115170,72848.9056605
xa.s12.00.mhz.1974-04-19HR00_evid00142,1974-04-19T23:01:07.284981,82828.075472
xa.s12.00.mhz.1974-04-26HR00_evid00144,1974-04-26T00:23:30.764094,1371.773585
xa.s12.00.mhz.1974-04-26HR00_evid00144,1974-04-26T02:29:34.839566,8935.8490565
xa.s12.00.mhz.1974-04-26HR00_evid00144,1974-04-26T04:47:14.462207,17195.471698
xa.s12.00.mhz.1974-04-26HR00_evid00144,1974-04-26T06:00:58.915037,21619.924528
xa.s12.00.mhz.1974-04-26HR00_evid00144,1974-04-26T06:44:46.537679,24157.383647666666
xa.s12.00.mhz.1974-04-26HR00_evid00144,1974-04-26T09:17:53.556547,33434.566037749995
xa.s12.00.mhz.1974-04-26HR00_evid00144,1974-04-26T12:53:48.122584,46389.132075
xa.s12.00.mhz.1974-04-26HR00_evid00144,1974-04-26T13:45:58.084848,49570.616352000005
xa.s12.00.mhz.1974-04-26HR00_evid00144,1974-04-26T15:06:28.273528,54349.283019
xa.s12.00.mhz.1974-04-26HR00_evid00144,1974-04-26T17:21:23.669754,62444.679245
xa.s12.00.mhz.1974-04-26HR00_evid00144,1974-04-26T20:14:38.235792,72922.96855333332
xa.s12.00.mhz.1974-04-26HR00_evid00144,1974-04-26T22:16:02.160320,79471.09433975001
xa.s12.00.mhz.1974-04-27HR00_evid00145,1974-04-27T04:14:04.721471,15205.433962
xa.s12.00.mhz.1974-04-27HR00_evid00145,1974-04-27T08:19:46.457321,29947.1698115
xa.s12.00.mhz.1974-04-27HR00_evid00145,1974-04-27T09:07:25.929018,32806.641509
xa.s12.00.mhz.1974-04-27HR00_evid00145,1974-04-27T14:24:27.212037,51615.396226499994
xa.s12.00.mhz.1974-04-27HR00_evid00145,1974-04-27T16:13:27.287509,58368.0
xa.s12.00.mhz.1974-04-27HR00_evid00145,1974-04-27T18:30:28.268641,66332.981132
xa.s12.00.mhz.1974-04-27HR00_evid00145,1974-04-27T19:43:53.400717,70994.11320749999
xa.s12.00.mhz.1974-04-27HR00_evid00145,1974-04-27T20:55:12.947886,75273.660377
xa.s12.00.mhz.1974-04-27HR00_evid00145,1974-04-27T22:36:48.646000,81424.100629
xa.s12.00.mhz.1974-06-25HR00_evid00149,1974-06-25T00:23:01.957962,1342.79245275
xa.s12.00.mhz.1974-06-25HR00_evid00149,1974-06-25T01:05:12.976830,3873.8113205
xa.s12.00.mhz.1974-06-25HR00_evid00149,1974-06-25T01:37:25.052302,5805.8867924999995
xa.s12.00.mhz.1974-06-25HR00_evid00149,1974-06-25T03:40:25.580604,13186.4150945
xa.s12.00.mhz.1974-06-25HR00_evid00149,1974-06-25T04:13:25.957962,15166.792453
xa.s12.00.mhz.1974-06-25HR00_evid00149,1974-06-25T05:36:30.712679,20151.54717
xa.s12.00.mhz.1974-06-25HR00_evid00149,1974-06-25T07:21:00.297585,26421.132075499998
xa.s12.00.mhz.1974-06-25HR00_evid00149,1974-06-25T07:49:49.505132,28150.339623
xa.s12.00.mhz.1974-06-25HR00_evid00149,1974-06-25T08:36:11.693811,30932.528302
xa.s12.00.mhz.1974-06-25HR00_evid00149,1974-06-25T12:06:28.146641,43548.981132
xa.s12.00.mhz.1974-06-25HR00_evid00149,1974-06-25T13:08:27.391924,47268.226415
xa.s12.00.mhz.1974-06-25HR00_evid00149,1974-06-25T16:01:32.297584,57653.132075
xa.s12.00.mhz.1974-06-25HR00_evid00149,1974-06-25T19:16:59.995698,69380.830189
xa.s12.00.mhz.1974-06-25HR00_evid00149,1974-06-25T22:19:05.882491,80145.25067385714
xa.s12.00.mhz.1974-07-06HR00_evid00150,1974-07-06T02:57:16.268471,10591.637735799999
xa.s12.00.mhz.1974-07-06HR00_evid00150,1974-07-06T07:23:44.193000,26585.358491
xa.s12.00.mhz.1974-07-06HR00_evid00150,1974-07-06T14:17:02.381679,51267.6226415
xa.s12.00.mhz.1974-07-06HR00_evid00150,1974-07-06T17:39:25.476018,63889.871698200004
xa.s12.00.mhz.1974-07-06HR00_evid00150,1974-07-06T21:55:25.476018,78886.641509
xa.s12.00.mhz.1974-07-06HR00_evid00151,1974-07-06T02:57:16.268471,10591.637735799999
xa.s12.00.mhz.1974-07-06HR00_evid00151,1974-07-06T07:23:44.193000,26585.358491
xa.s12.00.mhz.1974-07-06HR00_evid00151,1974-07-06T14:17:02.381679,51267.6226415
xa.s12.00.mhz.1974-07-06HR00_evid00151,1974-07-06T17:39:25.476018,63889.871698200004
xa.s12.00.mhz.1974-07-06HR00_evid00151,1974-07-06T21:55:25.476018,78886.641509
xa.s12.00.mhz.1974-07-11HR00_evid00152,1974-07-11T00:52:00.660886,3081.6603772500002
xa.s12.00.mhz.1974-07-11HR00_evid00152,1974-07-11T06:03:52.811830,21716.52830166667
xa.s12.00.mhz.1974-07-11HR00_evid00152,1974-07-11T12:49:17.642018,46118.641509333334
xa.s12.00.mhz.1974-07-17HR00_evid00153,1974-07-17T01:04:43.697698,3844.830189
xa.s12.00.mhz.1974-07-17HR00_evid00153,1974-07-17T02:29:25.056188,8926.188679
xa.s12.00.mhz.1974-07-17HR00_evid00153,1974-07-17T02:44:13.810905,9814.943396
xa.s12.00.mhz.1974-07-17HR00_evid00153,1974-07-17T03:11:26.414679,11447.5471695
xa.s12.00.mhz.1974-07-17HR00_evid00153,1974-07-17T10:59:58.112792,39559.245283
xa.s12.00.mhz.1974-07-17HR00_evid00153,1974-07-17T12:05:10.565623,43471.6981132
xa.s12.00.mhz.1974-07-17HR00_evid00153,1974-07-17T16:56:35.848641,60956.981132
xa.s12.00.mhz.1974-07-17HR00_evid00153,1974-07-17T18:43:20.678830,67055.89937133333
xa.s12.00.mhz.1974-07-17HR00_evid00153,1974-07-17T21:10:10.942980,76626.11320733333
xa.s12.00.mhz.1974-07-17HR00_evid00153,1974-07-17T22:41:47.697698,81655.94968566667
xa.s12.00.mhz.1974-10-14HR00_evid00156,1974-10-14T03:57:39.712981,14220.075472
xa.s12.00.mhz.1974-10-14HR00_evid00156,1974-10-14T04:50:28.316754,17388.679245
xa.s12.00.mhz.1974-10-14HR00_evid00156,1974-10-14T12:20:00.090339,44360.45283
xa.s12.00.mhz.1974-10-14HR00_evid00156,1974-10-14T13:05:04.996000,47065.358491
xa.s12.00.mhz.1974-10-14HR00_evid00156,1974-10-14T13:49:21.599774,49721.962264500005
xa.s12.00.mhz.1974-10-14HR00_evid00156,1974-10-14T14:55:03.033736,53663.3962265
xa.s12.00.mhz.1974-10-14HR00_evid00156,1974-10-14T17:43:08.467698,63748.83018875
xa.s12.00.mhz.1975-04-12HR00_evid00191,1975-04-12T18:15:00.413415,65661.58490575
xa.s12.00.mhz.1975-05-04HR00_evid00192,1975-05-04T03:59:15.777754,14316.679245
xa.s12.00.mhz.1975-05-04HR00_evid00192,1975-05-04T10:04:54.494735,36255.39622625
xa.s12.00.mhz.1975-05-04HR00_evid00192,1975-05-04T17:23:19.702283,62560.603774
xa.s12.00.mhz.1975-05-04HR00_evid00192,1975-05-04T21:22:25.362660,76906.26415100001
xa.s12.00.mhz.1975-06-24HR00_evid00196,1975-06-24T04:12:08.389943,15089.509434
xa.s12.00.mhz.1975-06-24HR00_evid00196,1975-06-24T05:38:45.672962,20286.792453
xa.s12.00.mhz.1975-06-24HR00_evid00196,1975-06-24T07:59:19.182396,28720.3018865
xa.s12.00.mhz.1975-06-24HR00_evid00196,1975-06-24T09:17:05.144660,33386.264151
xa.s12.00.mhz.1975-06-24HR00_evid00196,1975-06-24T09:50:34.503151,35395.622642
xa.s12.00.mhz.1975-06-24HR00_evid00196,1975-06-24T13:03:27.635226,46968.754717
xa.s12.00.mhz.1975-06-24HR00_evid00196,1975-06-24T14:35:43.031453,52504.150943500004
xa.s12.00.mhz.1975-06-24HR00_evid00196,1975-06-24T16:03:18.276736,57759.396226375
xa.s12.00.mhz.1975-06-24HR00_evid00196,1975-06-24T20:14:38.125792,72839.245283
xa.s12.00.mhz.1975-06-24HR00_evid00196,1975-06-24T21:38:02.201264,77843.320755
xa.s12.00.mhz.1975-06-26HR00_evid00198,1975-06-26T03:03:23.711811,10964.528302
xa.s12.00.mhz.1975-06-26HR00_evid00198,1975-06-26T03:24:00.240113,12201.056603833333
xa.s12.00.mhz.1975-06-26HR00_evid00198,1975-06-26T06:38:00.994830,23841.811321
xa.s12.00.mhz.1975-06-26HR00_evid00198,1975-06-26T08:10:45.372188,29406.188679
xa.s12.00.mhz.1975-06-26HR00_evid00198,1975-06-26T11:14:18.202377,40419.018868
xa.s12.00.mhz.1975-06-26HR00_evid00198,1975-06-26T18:47:41.825018,67622.641509
xa.s12.00.mhz.1975-06-26HR00_evid00198,1975-06-26T22:28:55.183509,80896.0
